term,term_label,coefficient,std_error_approx,odds_ratio_or_multiplier,model,ridge_lambda
intercept,截距,2.4796818619212093,0.07695349060990818,11.937466051163454,ridge_binomial_logistic,1.0
has_core_open_mid_back,S0-S3已有ɔ/ɒ,0.5605179053020317,0.14599416258530576,1.7515794176945185,ridge_binomial_logistic,1.0
core_back_nucleus_size_z,后元音库藏大小,0.5339914019214048,0.08999838104140287,1.705726981413877,ridge_binomial_logistic,1.0
log_core_back_token_count_z,后元音token数,0.7517662196076702,0.058833487463476136,2.1207424075206793,ridge_binomial_logistic,1.0
core_back_token_share_z,后元音token占比,-1.0821170087857734,0.061506868681124746,0.3388773593839003,ridge_binomial_logistic,1.0
